Step,State_Code,State_Name,Duration_Days,Total_Time
1,3,Пасмурно (3),1.8781,1.8781
2,2,Облачно (2),0.9383,2.8163
3,1,Ясно (1),3.1988,6.0152
4,2,Облачно (2),3.1512,9.1664
5,3,Пасмурно (3),0.1539,9.3203
6,2,Облачно (2),0.0486,9.3689
7,3,Пасмурно (3),1.1387,10.5076
8,1,Ясно (1),0.2598,10.7673
9,2,Облачно (2),0.2759,11.0432
10,1,Ясно (1),0.9828,12.026
11,3,Пасмурно (3),2.8394,14.8654
12,2,Облачно (2),0.5427,15.4081
13,3,Пасмурно (3),5.99,21.3981
14,2,Облачно (2),0.645,22.0431
15,3,Пасмурно (3),0.5438,22.587
16,2,Облачно (2),1.02,23.607
17,3,Пасмурно (3),3.211,26.818
18,1,Ясно (1),1.3502,28.1682
19,2,Облачно (2),0.6328,28.801
20,1,Ясно (1),0.3545,29.1556
21,3,Пасмурно (3),1.7997,30.9553
22,2,Облачно (2),0.5172,31.4725
23,1,Ясно (1),3.3884,34.8609
24,2,Облачно (2),0.4847,35.3455
25,3,Пасмурно (3),0.9629,36.3084
26,1,Ясно (1),3.7379,40.0463
27,2,Облачно (2),2.4247,42.471
28,3,Пасмурно (3),3.6447,46.1157
29,2,Облачно (2),1.1452,47.2609
30,3,Пасмурно (3),12.1129,59.3739
31,1,Ясно (1),1.2548,60.6287
32,2,Облачно (2),0.7713,61.4
33,3,Пасмурно (3),0.122,61.522
34,2,Облачно (2),0.3659,61.8879
35,1,Ясно (1),0.0539,61.9418
36,2,Облачно (2),1.0258,62.9675
37,3,Пасмурно (3),3.2477,66.2152
38,1,Ясно (1),0.68,66.8951
39,3,Пасмурно (3),3.2649,70.16
40,1,Ясно (1),0.9559,71.1159
41,2,Облачно (2),0.0791,71.195
42,3,Пасмурно (3),0.1108,71.3058
43,2,Облачно (2),1.4698,72.7756
44,3,Пасмурно (3),1.082,73.8576
45,1,Ясно (1),0.5816,74.4392
46,2,Облачно (2),0.1395,74.5787
47,3,Пасмурно (3),2.1533,76.732
48,1,Ясно (1),1.1363,77.8683
49,2,Облачно (2),0.0661,77.9343
50,1,Ясно (1),3.4028,81.3371
51,2,Облачно (2),0.0638,81.4009
52,3,Пасмурно (3),0.4282,81.8291
53,2,Облачно (2),1.2004,83.0295
54,3,Пасмурно (3),0.0001,83.0297
55,1,Ясно (1),2.614,85.6436
56,2,Облачно (2),1.6542,87.2978
57,1,Ясно (1),1.711,89.0089
58,2,Облачно (2),0.0155,89.0244
59,1,Ясно (1),2.4871,91.5115
60,2,Облачно (2),1.335,92.8464
61,3,Пасмурно (3),0.6984,93.5448
62,2,Облачно (2),1.4182,94.963
63,1,Ясно (1),0.8749,95.8379
64,2,Облачно (2),0.4963,96.3342
65,1,Ясно (1),0.1601,96.4942
66,2,Облачно (2),0.5898,97.084
67,3,Пасмурно (3),3.0951,100.179
68,2,Облачно (2),2.5731,102.7522
69,1,Ясно (1),2.0512,104.8034
70,2,Облачно (2),1.9625,106.7658
71,3,Пасмурно (3),2.9724,109.7383
72,1,Ясно (1),7.1159,116.8542
73,2,Облачно (2),0.571,117.4252
74,3,Пасмурно (3),3.2122,120.6374
75,2,Облачно (2),2.465,123.1024
76,3,Пасмурно (3),5.4217,128.5241
77,1,Ясно (1),0.4502,128.9744
78,2,Облачно (2),2.1584,131.1327
79,1,Ясно (1),2.4336,133.5664
80,2,Облачно (2),2.3749,135.9413
81,3,Пасмурно (3),3.4561,139.3974
82,1,Ясно (1),4.5435,143.941
83,2,Облачно (2),1.3748,145.3157
84,3,Пасмурно (3),0.5935,145.9092
85,1,Ясно (1),1.1989,147.1081
86,2,Облачно (2),1.0844,148.1926
87,3,Пасмурно (3),7.4463,155.6389
88,2,Облачно (2),0.9411,156.58
89,3,Пасмурно (3),0.5827,157.1627
90,2,Облачно (2),0.9238,158.0865
91,1,Ясно (1),1.039,159.1256
92,2,Облачно (2),0.6569,159.7824
93,1,Ясно (1),0.8579,160.6403
94,3,Пасмурно (3),4.7698,165.4101
95,2,Облачно (2),0.3828,165.7929
96,3,Пасмурно (3),1.9509,167.7438
97,2,Облачно (2),0.5471,168.2908
98,1,Ясно (1),0.4283,168.7192
99,2,Облачно (2),0.5903,169.3095
100,3,Пасмурно (3),2.3599,171.6694
101,1,Ясно (1),2.0627,173.7321
102,2,Облачно (2),0.5589,174.291
103,3,Пасмурно (3),10.3068,184.5978
104,2,Облачно (2),0.8697,185.4675
105,3,Пасмурно (3),5.8811,191.3486
106,2,Облачно (2),3.0934,194.442
107,3,Пасмурно (3),3.5307,197.9727
108,2,Облачно (2),0.7273,198.7
109,3,Пасмурно (3),5.3025,204.0025
110,2,Облачно (2),0.5037,204.5061
111,3,Пасмурно (3),11.6377,216.1438
112,2,Облачно (2),0.0559,216.1997
113,1,Ясно (1),0.2134,216.4131
114,3,Пасмурно (3),8.0855,224.4986
115,2,Облачно (2),1.9223,226.421
116,3,Пасмурно (3),5.0397,231.4607
117,1,Ясно (1),0.0681,231.5287
118,2,Облачно (2),5.1083,236.637
119,3,Пасмурно (3),0.0597,236.6967
120,1,Ясно (1),0.5764,237.2731
121,2,Облачно (2),1.3995,238.6726
122,3,Пасмурно (3),1.5933,240.2658
123,1,Ясно (1),1.3002,241.566
124,3,Пасмурно (3),3.35,244.916
125,1,Ясно (1),1.6205,246.5365
126,2,Облачно (2),0.9786,247.5151
127,3,Пасмурно (3),1.7756,249.2907
128,1,Ясно (1),0.7132,250.0039
129,2,Облачно (2),1.2788,251.2827
130,1,Ясно (1),0.4114,251.6941
131,3,Пасмурно (3),1.5115,253.2056
132,2,Облачно (2),0.4573,253.6629
133,3,Пасмурно (3),1.5165,255.1794
134,2,Облачно (2),1.3897,256.5691
135,1,Ясно (1),4.7749,261.3439
136,2,Облачно (2),0.956,262.2999
137,3,Пасмурно (3),0.8957,263.1956
138,2,Облачно (2),0.6994,263.895
139,3,Пасмурно (3),2.7979,266.6928
140,2,Облачно (2),0.7962,267.489
141,3,Пасмурно (3),1.8045,269.2935
142,2,Облачно (2),2.4946,271.7881
143,3,Пасмурно (3),5.1124,276.9005
144,1,Ясно (1),2.7251,279.6256
145,2,Облачно (2),0.0299,279.6555
146,1,Ясно (1),0.097,279.7524
147,2,Облачно (2),0.326,280.0784
148,1,Ясно (1),2.1268,282.2053
149,3,Пасмурно (3),1.0186,283.2238
150,1,Ясно (1),0.9476,284.1714
151,2,Облачно (2),1.1058,285.2772
152,1,Ясно (1),0.9824,286.2596
153,2,Облачно (2),0.2758,286.5354
154,3,Пасмурно (3),1.9368,288.4722
155,2,Облачно (2),1.0914,289.5636
156,3,Пасмурно (3),0.4242,289.9878
157,2,Облачно (2),0.0743,290.0621
158,3,Пасмурно (3),1.1322,291.1942
159,2,Облачно (2),0.6355,291.8298
160,3,Пасмурно (3),0.0432,291.873
161,2,Облачно (2),0.6817,292.5547
162,1,Ясно (1),1.4018,293.9565
163,2,Облачно (2),0.4068,294.3633
164,1,Ясно (1),0.2745,294.6377
165,2,Облачно (2),7.8443,302.4821
166,3,Пасмурно (3),0.9558,303.4379
167,2,Облачно (2),1.1985,304.6364
168,3,Пасмурно (3),1.5008,306.1373
169,1,Ясно (1),3.2041,309.3414
170,2,Облачно (2),0.9625,310.3039
171,3,Пасмурно (3),1.5355,311.8393
172,2,Облачно (2),0.271,312.1104
173,1,Ясно (1),1.5579,313.6682
174,2,Облачно (2),1.8515,315.5198
175,3,Пасмурно (3),0.1326,315.6524
176,1,Ясно (1),0.1038,315.7562
177,2,Облачно (2),2.1108,317.8671
178,1,Ясно (1),0.3506,318.2177
179,3,Пасмурно (3),5.687,323.9047
180,2,Облачно (2),0.2456,324.1503
181,1,Ясно (1),5.3193,329.4696
182,3,Пасмурно (3),0.3768,329.8465
183,2,Облачно (2),0.5872,330.4336
184,1,Ясно (1),0.1537,330.5874
185,3,Пасмурно (3),2.5769,333.1643
186,2,Облачно (2),0.1893,333.3536
187,3,Пасмурно (3),4.9633,338.3169
188,2,Облачно (2),0.1774,338.4943
189,3,Пасмурно (3),1.8947,340.389
190,1,Ясно (1),0.5585,340.9476
191,2,Облачно (2),0.1497,341.0973
192,3,Пасмурно (3),0.9627,342.06
193,1,Ясно (1),0.6364,342.6964
194,2,Облачно (2),0.0886,342.785
195,1,Ясно (1),2.4511,345.2361
196,2,Облачно (2),1.7569,346.993
197,3,Пасмурно (3),0.6484,347.6415
198,1,Ясно (1),0.3173,347.9588
199,3,Пасмурно (3),6.5737,354.5325
200,2,Облачно (2),0.5055,355.038
201,1,Ясно (1),2.1446,357.1826
202,2,Облачно (2),0.1312,357.3138
203,3,Пасмурно (3),4.5011,361.8149
204,2,Облачно (2),0.1516,361.9665
205,3,Пасмурно (3),0.7173,362.6838
206,2,Облачно (2),1.575,364.2588
207,1,Ясно (1),0.85,365.1089
208,2,Облачно (2),0.2562,365.3651
209,3,Пасмурно (3),0.9283,366.2934
210,2,Облачно (2),1.0271,367.3205
211,1,Ясно (1),1.9676,369.2881
212,2,Облачно (2),0.59,369.8781
213,3,Пасмурно (3),2.402,372.2801
214,2,Облачно (2),0.5897,372.8698
215,1,Ясно (1),0.7766,373.6464
216,3,Пасмурно (3),1.4934,375.1398
217,2,Облачно (2),0.4295,375.5693
218,1,Ясно (1),1.4997,377.0689
219,2,Облачно (2),0.6339,377.7029
220,1,Ясно (1),2.137,379.8399
221,2,Облачно (2),0.4551,380.2949
222,3,Пасмурно (3),4.1662,384.4612
223,1,Ясно (1),1.7349,386.1961
224,2,Облачно (2),0.0888,386.2849
225,1,Ясно (1),1.1385,387.4234
226,2,Облачно (2),1.4463,388.8697
227,1,Ясно (1),0.9586,389.8282
228,3,Пасмурно (3),2.2643,392.0926
229,2,Облачно (2),1.3862,393.4787
230,1,Ясно (1),2.6168,396.0955
231,2,Облачно (2),0.9371,397.0325
232,3,Пасмурно (3),0.7076,397.7402
233,2,Облачно (2),0.9314,398.6716
234,3,Пасмурно (3),2.3538,401.0253
235,2,Облачно (2),0.8953,401.9207
236,3,Пасмурно (3),7.0148,408.9355
237,1,Ясно (1),0.75,409.6855
238,3,Пасмурно (3),1.3273,411.0129
239,2,Облачно (2),1.1405,412.1534
240,1,Ясно (1),1.1725,413.3259
241,2,Облачно (2),3.6958,417.0217
242,1,Ясно (1),1.4166,418.4383
243,2,Облачно (2),0.7226,419.1609
244,3,Пасмурно (3),0.7091,419.87
245,2,Облачно (2),4.6477,424.5177
246,3,Пасмурно (3),0.8191,425.3368
247,2,Облачно (2),0.6994,426.0362
248,3,Пасмурно (3),0.2467,426.2828
249,2,Облачно (2),0.0554,426.3382
250,3,Пасмурно (3),2.1596,428.4978
251,1,Ясно (1),4.1117,432.6095
252,3,Пасмурно (3),3.2194,435.8289
253,1,Ясно (1),1.5651,437.3941
254,2,Облачно (2),0.4873,437.8813
255,3,Пасмурно (3),1.4729,439.3542
256,2,Облачно (2),0.1198,439.474
257,3,Пасмурно (3),1.8074,441.2814
258,2,Облачно (2),1.6364,442.9178
259,1,Ясно (1),0.1573,443.0751
260,3,Пасмурно (3),0.115,443.1902
261,2,Облачно (2),0.8622,444.0524
262,3,Пасмурно (3),1.6127,445.6651
263,2,Облачно (2),1.1761,446.8412
264,1,Ясно (1),1.3167,448.1579
265,2,Облачно (2),0.3939,448.5518
266,1,Ясно (1),2.9612,451.513
267,3,Пасмурно (3),4.4031,455.9161
268,2,Облачно (2),1.7878,457.7039
269,3,Пасмурно (3),1.4542,459.1581
270,2,Облачно (2),0.1292,459.2873
271,3,Пасмурно (3),0.4536,459.741
272,2,Облачно (2),0.6431,460.384
273,1,Ясно (1),0.7848,461.1688
274,2,Облачно (2),0.1992,461.368
275,3,Пасмурно (3),0.7848,462.1528
276,2,Облачно (2),1.4349,463.5877
277,1,Ясно (1),1.2864,464.8741
278,3,Пасмурно (3),4.5113,469.3855
279,1,Ясно (1),2.4446,471.8301
280,2,Облачно (2),0.5616,472.3917
281,3,Пасмурно (3),2.1344,474.5261
282,2,Облачно (2),0.3112,474.8373
283,1,Ясно (1),2.0981,476.9354
284,2,Облачно (2),0.7143,477.6497
285,1,Ясно (1),0.4724,478.1222
286,2,Облачно (2),1.5357,479.6578
287,3,Пасмурно (3),1.4926,481.1504
288,1,Ясно (1),1.8784,483.0288
289,2,Облачно (2),1.4914,484.5202
290,1,Ясно (1),3.5522,488.0723
291,2,Облачно (2),1.2819,489.3542
292,3,Пасмурно (3),2.6767,492.0309
293,1,Ясно (1),1.1339,493.1649
294,2,Облачно (2),0.164,493.3289
295,1,Ясно (1),1.1405,494.4693
296,3,Пасмурно (3),8.5872,503.0566
297,2,Облачно (2),0.6675,503.7241
298,3,Пасмурно (3),0.138,503.8622
299,2,Облачно (2),0.9401,504.8022
300,3,Пасмурно (3),1.2145,506.0167
301,2,Облачно (2),0.9007,506.9174
302,1,Ясно (1),1.1475,508.0649
303,2,Облачно (2),2.2883,510.3532
304,1,Ясно (1),0.6303,510.9835
305,2,Облачно (2),1.7869,512.7703
306,1,Ясно (1),0.1384,512.9087
307,2,Облачно (2),0.9268,513.8355
308,3,Пасмурно (3),1.7246,515.5601
309,2,Облачно (2),2.5965,518.1565
310,1,Ясно (1),0.0407,518.1972
311,2,Облачно (2),0.1732,518.3704
312,3,Пасмурно (3),0.27,518.6405
313,2,Облачно (2),0.4513,519.0918
314,1,Ясно (1),5.1551,524.2469
315,2,Облачно (2),2.712,526.9589
316,1,Ясно (1),1.1023,528.0613
317,2,Облачно (2),0.277,528.3383
318,3,Пасмурно (3),6.7858,535.1241
319,2,Облачно (2),1.2435,536.3676
320,3,Пасмурно (3),0.2961,536.6637
321,1,Ясно (1),2.1366,538.8003
322,2,Облачно (2),5.1285,543.9288
323,3,Пасмурно (3),1.4235,545.3523
324,2,Облачно (2),0.5474,545.8996
325,1,Ясно (1),0.4595,546.3592
326,3,Пасмурно (3),3.9142,550.2734
327,2,Облачно (2),0.2843,550.5576
328,3,Пасмурно (3),2.1675,552.7252
329,2,Облачно (2),0.4927,553.2179
330,3,Пасмурно (3),6.9057,560.1236
331,2,Облачно (2),3.4267,563.5503
332,1,Ясно (1),0.1449,563.6952
333,3,Пасмурно (3),10.0293,573.7245
334,2,Облачно (2),0.1251,573.8496
335,3,Пасмурно (3),1.2582,575.1079
336,2,Облачно (2),2.6842,577.7921
337,3,Пасмурно (3),1.2128,579.0049
338,1,Ясно (1),2.974,581.9789
339,2,Облачно (2),1.6551,583.634
340,3,Пасмурно (3),0.3828,584.0168
341,2,Облачно (2),0.5465,584.5632
342,1,Ясно (1),5.0773,589.6405
343,2,Облачно (2),0.4407,590.0813
344,3,Пасмурно (3),7.3637,597.445
345,2,Облачно (2),0.6006,598.0456
346,1,Ясно (1),2.9781,601.0237
347,2,Облачно (2),0.6345,601.6582
348,3,Пасмурно (3),0.7583,602.4164
349,2,Облачно (2),0.0886,602.505
350,1,Ясно (1),2.618,605.123
351,2,Облачно (2),3.4142,608.5373
352,3,Пасмурно (3),2.143,610.6803
353,2,Облачно (2),1.2622,611.9425
354,3,Пасмурно (3),2.1394,614.0819
355,2,Облачно (2),1.789,615.8709
356,3,Пасмурно (3),0.2583,616.1292
357,1,Ясно (1),0.8922,617.0213
358,2,Облачно (2),1.0248,618.0461
359,3,Пасмурно (3),0.7705,618.8166
360,1,Ясно (1),1.7658,620.5823
361,2,Облачно (2),0.4027,620.985
362,3,Пасмурно (3),4.4037,625.3887
363,2,Облачно (2),0.4626,625.8512
364,3,Пасмурно (3),1.5996,627.4509
365,2,Облачно (2),0.1285,627.5793
366,3,Пасмурно (3),0.4256,628.0049
367,2,Облачно (2),3.6039,631.6088
368,3,Пасмурно (3),0.1662,631.775
369,2,Облачно (2),0.9407,632.7157
370,3,Пасмурно (3),1.523,634.2387
371,1,Ясно (1),2.445,636.6837
372,2,Облачно (2),2.0847,638.7684
373,3,Пасмурно (3),0.1141,638.8825
374,2,Облачно (2),1.7131,640.5956
375,3,Пасмурно (3),5.9529,646.5485
376,2,Облачно (2),0.1329,646.6814
377,1,Ясно (1),0.1846,646.866
378,2,Облачно (2),0.6689,647.5349
379,1,Ясно (1),3.1473,650.6823
380,3,Пасмурно (3),1.9248,652.6071
381,2,Облачно (2),0.6772,653.2843
382,3,Пасмурно (3),0.5032,653.7875
383,1,Ясно (1),1.0418,654.8293
384,3,Пасмурно (3),3.7232,658.5525
385,2,Облачно (2),0.2991,658.8516
386,3,Пасмурно (3),0.8588,659.7104
387,2,Облачно (2),1.1565,660.8669
388,3,Пасмурно (3),4.7584,665.6254
389,2,Облачно (2),0.7341,666.3595
390,3,Пасмурно (3),2.5529,668.9124
391,2,Облачно (2),0.9256,669.838
392,3,Пасмурно (3),0.9389,670.7769
393,1,Ясно (1),2.3497,673.1266
394,2,Облачно (2),1.3644,674.491
395,1,Ясно (1),1.1522,675.6432
396,2,Облачно (2),1.7613,677.4045
397,1,Ясно (1),6.1558,683.5602
398,2,Облачно (2),1.4978,685.058
399,3,Пасмурно (3),0.622,685.68
400,2,Облачно (2),0.7595,686.4395
401,3,Пасмурно (3),0.4043,686.8438
402,2,Облачно (2),0.6434,687.4872
403,3,Пасмурно (3),0.9251,688.4123
404,1,Ясно (1),0.1687,688.581
405,2,Облачно (2),1.1347,689.7157
406,3,Пасмурно (3),2.2917,692.0074
407,2,Облачно (2),0.8558,692.8632
408,1,Ясно (1),0.5107,693.3739
409,2,Облачно (2),1.3773,694.7512
410,1,Ясно (1),3.1497,697.9009
411,3,Пасмурно (3),1.1161,699.017
412,2,Облачно (2),0.5224,699.5394
413,3,Пасмурно (3),0.4645,700.0039
414,2,Облачно (2),1.6201,701.6239
415,1,Ясно (1),5.6998,707.3237
416,3,Пасмурно (3),0.4554,707.7792
417,1,Ясно (1),0.055,707.8341
418,2,Облачно (2),0.7492,708.5833
419,1,Ясно (1),0.5238,709.1071
420,2,Облачно (2),0.2056,709.3127
421,3,Пасмурно (3),1.3006,710.6133
422,2,Облачно (2),2.023,712.6363
423,1,Ясно (1),1.972,714.6083
424,2,Облачно (2),0.0512,714.6595
425,3,Пасмурно (3),2.0997,716.7592
426,2,Облачно (2),0.3463,717.1055
427,3,Пасмурно (3),1.8792,718.9848
428,1,Ясно (1),1.4306,720.4154
429,2,Облачно (2),3.5057,723.9212
430,1,Ясно (1),0.2836,724.2047
431,2,Облачно (2),1.9102,726.1149
432,3,Пасмурно (3),7.1999,733.3148
433,2,Облачно (2),3.6649,736.9797
434,3,Пасмурно (3),4.3872,741.3669
435,2,Облачно (2),0.1784,741.5453
436,1,Ясно (1),0.6449,742.1902
437,2,Облачно (2),0.818,743.0082
438,3,Пасмурно (3),1.5741,744.5823
439,2,Облачно (2),0.6337,745.216
440,1,Ясно (1),4.4204,749.6364
441,2,Облачно (2),2.0073,751.6437
442,3,Пасмурно (3),3.8215,755.4652
443,2,Облачно (2),0.1978,755.663
444,3,Пасмурно (3),2.703,758.366
445,2,Облачно (2),0.4562,758.8222
446,3,Пасмурно (3),2.9767,761.7988
447,1,Ясно (1),2.3431,764.142
448,3,Пасмурно (3),3.997,768.139
449,2,Облачно (2),0.7435,768.8825
450,3,Пасмурно (3),7.3689,776.2514
451,1,Ясно (1),2.6746,778.926
452,2,Облачно (2),0.0889,779.0149
453,1,Ясно (1),1.7958,780.8108
454,2,Облачно (2),2.0889,782.8997
455,1,Ясно (1),0.8223,783.722
456,2,Облачно (2),0.3531,784.0751
457,3,Пасмурно (3),5.6195,789.6945
458,2,Облачно (2),0.0041,789.6987
459,3,Пасмурно (3),5.5682,795.2669
460,2,Облачно (2),1.3571,796.6239
461,1,Ясно (1),0.4416,797.0655
462,3,Пасмурно (3),0.4936,797.5592
463,2,Облачно (2),0.2883,797.8475
464,1,Ясно (1),2.3491,800.1966
465,2,Облачно (2),4.0423,804.2389
466,3,Пасмурно (3),0.2883,804.5272
467,2,Облачно (2),5.8212,810.3484
468,1,Ясно (1),0.1887,810.537
469,2,Облачно (2),4.1063,814.6434
470,3,Пасмурно (3),0.5783,815.2217
471,2,Облачно (2),0.1835,815.4052
472,1,Ясно (1),0.9134,816.3186
473,3,Пасмурно (3),8.7052,825.0238
474,1,Ясно (1),0.0926,825.1164
475,2,Облачно (2),6.9173,832.0337
476,3,Пасмурно (3),0.9001,832.9339
477,2,Облачно (2),2.0405,834.9744
478,3,Пасмурно (3),2.0454,837.0198
479,2,Облачно (2),0.745,837.7648
480,3,Пасмурно (3),0.0849,837.8497
481,2,Облачно (2),1.192,839.0417
482,1,Ясно (1),0.3917,839.4334
483,2,Облачно (2),0.3791,839.8125
484,3,Пасмурно (3),1.8839,841.6963
485,1,Ясно (1),0.5603,842.2566
486,2,Облачно (2),0.3552,842.6118
487,1,Ясно (1),0.5531,843.1649
488,2,Облачно (2),2.3679,845.5328
489,3,Пасмурно (3),1.4898,847.0226
490,1,Ясно (1),0.1878,847.2104
491,2,Облачно (2),2.2308,849.4412
492,3,Пасмурно (3),4.7764,854.2176
493,2,Облачно (2),1.9316,856.1492
494,1,Ясно (1),0.3833,856.5324
495,2,Облачно (2),1.3633,857.8957
496,3,Пасмурно (3),0.7055,858.6012
497,2,Облачно (2),0.5381,859.1393
498,3,Пасмурно (3),2.8581,861.9975
499,1,Ясно (1),1.2103,863.2078
500,2,Облачно (2),1.4104,864.6182
501,3,Пасмурно (3),0.8081,865.4263
502,2,Облачно (2),0.2847,865.711
503,1,Ясно (1),0.3228,866.0338
504,2,Облачно (2),0.5487,866.5825
505,1,Ясно (1),0.4509,867.0334
506,2,Облачно (2),0.4723,867.5057
507,3,Пасмурно (3),1.2228,868.7285
508,2,Облачно (2),1.8768,870.6053
509,3,Пасмурно (3),3.2095,873.8148
510,2,Облачно (2),1.5427,875.3574
511,3,Пасмурно (3),2.7636,878.1211
512,1,Ясно (1),4.7225,882.8436
513,2,Облачно (2),2.2352,885.0788
514,3,Пасмурно (3),4.5735,889.6523
515,2,Облачно (2),0.8119,890.4642
516,1,Ясно (1),2.9529,893.4171
517,2,Облачно (2),2.7727,896.1897
518,3,Пасмурно (3),0.3886,896.5784
519,1,Ясно (1),0.2304,896.8088
520,3,Пасмурно (3),7.6978,904.5066
521,1,Ясно (1),0.3308,904.8374
522,2,Облачно (2),2.4389,907.2763
523,3,Пасмурно (3),3.0998,910.3761
524,2,Облачно (2),2.9115,913.2876
525,1,Ясно (1),1.2652,914.5528
526,2,Облачно (2),0.8494,915.4022
527,3,Пасмурно (3),9.3697,924.7719
528,1,Ясно (1),6.5437,931.3157
529,3,Пасмурно (3),1.6313,932.947
530,2,Облачно (2),1.0255,933.9725
531,3,Пасмурно (3),3.3647,937.3373
532,1,Ясно (1),1.3075,938.6448
533,2,Облачно (2),1.9615,940.6062
534,1,Ясно (1),0.0307,940.637
535,2,Облачно (2),0.3585,940.9955
536,1,Ясно (1),4.2689,945.2644
537,2,Облачно (2),1.3503,946.6147
538,3,Пасмурно (3),11.0106,957.6253
539,2,Облачно (2),1.9247,959.55
540,1,Ясно (1),1.1531,960.7031
541,2,Облачно (2),2.1839,962.887
542,3,Пасмурно (3),0.661,963.548
543,2,Облачно (2),4.1079,967.6559
544,3,Пасмурно (3),6.2193,973.8752
545,2,Облачно (2),1.5825,975.4577
546,1,Ясно (1),0.3271,975.7848
547,2,Облачно (2),1.2744,977.0592
548,3,Пасмурно (3),2.3252,979.3844
549,1,Ясно (1),0.5906,979.975
550,3,Пасмурно (3),2.3238,982.2988
551,2,Облачно (2),0.7351,983.0339
552,3,Пасмурно (3),0.0391,983.073
553,2,Облачно (2),3.7574,986.8304
554,1,Ясно (1),0.7138,987.5442
555,2,Облачно (2),0.2956,987.8398
556,3,Пасмурно (3),2.9322,990.772
557,2,Облачно (2),0.6743,991.4463
558,1,Ясно (1),0.2621,991.7084
559,2,Облачно (2),1.0827,992.7911
560,3,Пасмурно (3),0.7534,993.5445
561,2,Облачно (2),0.8189,994.3634
562,3,Пасмурно (3),8.3119,1002.6753
563,2,Облачно (2),0.3784,1003.0537
564,3,Пасмурно (3),0.7057,1003.7594
565,2,Облачно (2),2.2072,1005.9666
566,3,Пасмурно (3),4.4487,1010.4154
567,2,Облачно (2),0.342,1010.7574
568,1,Ясно (1),0.0308,1010.7882
569,2,Облачно (2),1.0455,1011.8337
570,3,Пасмурно (3),3.9724,1015.8061
571,2,Облачно (2),0.0113,1015.8174
572,3,Пасмурно (3),4.1304,1019.9478
573,1,Ясно (1),1.4244,1021.3722
574,2,Облачно (2),2.5099,1023.8822
575,1,Ясно (1),3.6178,1027.4999
576,2,Облачно (2),1.4287,1028.9286
577,3,Пасмурно (3),0.9408,1029.8694
578,2,Облачно (2),0.7374,1030.6068
579,1,Ясно (1),1.0199,1031.6267
580,3,Пасмурно (3),0.1485,1031.7752
581,1,Ясно (1),0.4813,1032.2565
582,2,Облачно (2),2.5204,1034.7769
583,3,Пасмурно (3),0.514,1035.2909
584,1,Ясно (1),2.8551,1038.146
585,3,Пасмурно (3),6.6253,1044.7713
586,1,Ясно (1),1.6253,1046.3967
587,2,Облачно (2),0.7806,1047.1772
588,3,Пасмурно (3),0.8632,1048.0404
589,2,Облачно (2),1.4527,1049.4931
590,1,Ясно (1),1.5459,1051.039
591,3,Пасмурно (3),1.096,1052.135
592,2,Облачно (2),0.9176,1053.0526
593,3,Пасмурно (3),1.8142,1054.8668
594,2,Облачно (2),0.2085,1055.0753
595,3,Пасмурно (3),1.975,1057.0503
596,2,Облачно (2),0.5534,1057.6038
597,1,Ясно (1),3.2988,1060.9026
598,2,Облачно (2),0.0692,1060.9717
599,3,Пасмурно (3),0.5141,1061.4859
600,2,Облачно (2),0.8194,1062.3053
601,1,Ясно (1),0.3634,1062.6687
602,3,Пасмурно (3),5.5273,1068.196
603,1,Ясно (1),0.1912,1068.3872
604,3,Пасмурно (3),1.18,1069.5673
605,2,Облачно (2),0.7586,1070.3259
606,1,Ясно (1),0.0578,1070.3837
607,3,Пасмурно (3),6.2383,1076.622
608,2,Облачно (2),0.2134,1076.8355
609,3,Пасмурно (3),1.9109,1078.7464
610,2,Облачно (2),1.3032,1080.0496
611,3,Пасмурно (3),6.4167,1086.4663
612,2,Облачно (2),1.425,1087.8912
613,1,Ясно (1),0.8298,1088.721
614,3,Пасмурно (3),1.435,1090.156
615,2,Облачно (2),0.157,1090.313
616,3,Пасмурно (3),3.1134,1093.4264
617,2,Облачно (2),0.6648,1094.0911
618,1,Ясно (1),0.4395,1094.5306
619,2,Облачно (2),0.7576,1095.2882
620,3,Пасмурно (3),2.1323,1097.4205
621,1,Ясно (1),3.4991,1100.9196
622,2,Облачно (2),0.9004,1101.82
623,1,Ясно (1),0.0197,1101.8397
624,2,Облачно (2),1.7338,1103.5735
625,3,Пасмурно (3),1.6113,1105.1848
626,2,Облачно (2),1.7493,1106.9341
627,3,Пасмурно (3),0.3109,1107.245
628,2,Облачно (2),0.8441,1108.0891
629,3,Пасмурно (3),1.1207,1109.2099
630,2,Облачно (2),2.3743,1111.5842
631,1,Ясно (1),0.109,1111.6932
632,2,Облачно (2),2.0707,1113.7639
633,1,Ясно (1),0.2283,1113.9922
634,3,Пасмурно (3),0.9617,1114.9539
635,2,Облачно (2),0.5405,1115.4945
636,1,Ясно (1),1.8601,1117.3545
637,3,Пасмурно (3),7.0735,1124.428
638,2,Облачно (2),0.455,1124.883
639,1,Ясно (1),0.252,1125.135
640,2,Облачно (2),2.4853,1127.6203
641,3,Пасмурно (3),1.3688,1128.9891
642,2,Облачно (2),0.2401,1129.2292
643,3,Пасмурно (3),0.5928,1129.822
644,2,Облачно (2),0.3527,1130.1747
645,3,Пасмурно (3),4.4407,1134.6154
646,2,Облачно (2),0.0349,1134.6502
647,1,Ясно (1),0.9283,1135.5785
648,2,Облачно (2),0.4031,1135.9816
649,3,Пасмурно (3),0.8284,1136.81
650,2,Облачно (2),1.0903,1137.9003
651,1,Ясно (1),2.1255,1140.0257
652,2,Облачно (2),3.335,1143.3608
653,3,Пасмурно (3),1.5458,1144.9066
654,2,Облачно (2),1.7238,1146.6304
655,1,Ясно (1),2.6776,1149.308
656,3,Пасмурно (3),0.4655,1149.7735
657,1,Ясно (1),1.6779,1151.4514
658,2,Облачно (2),0.1479,1151.5993
659,3,Пасмурно (3),1.4098,1153.0091
660,2,Облачно (2),1.7904,1154.7995
661,3,Пасмурно (3),0.4401,1155.2396
662,1,Ясно (1),0.0817,1155.3212
663,2,Облачно (2),0.1353,1155.4565
664,1,Ясно (1),1.6642,1157.1207
665,2,Облачно (2),0.1601,1157.2808
666,3,Пасмурно (3),0.9429,1158.2237
667,1,Ясно (1),0.4624,1158.6861
668,2,Облачно (2),0.2373,1158.9234
669,3,Пасмурно (3),2.8976,1161.821
670,2,Облачно (2),1.0172,1162.8382
671,1,Ясно (1),1.4975,1164.3358
672,2,Облачно (2),0.0141,1164.3499
673,3,Пасмурно (3),1.5965,1165.9463
674,2,Облачно (2),0.7553,1166.7016
675,3,Пасмурно (3),7.3122,1174.0138
676,2,Облачно (2),0.331,1174.3448
677,1,Ясно (1),0.3225,1174.6672
678,3,Пасмурно (3),11.3917,1186.0589
679,2,Облачно (2),1.8512,1187.9101
680,1,Ясно (1),2.5937,1190.5038
681,3,Пасмурно (3),1.4344,1191.9382
682,2,Облачно (2),1.5855,1193.5236
683,3,Пасмурно (3),0.4926,1194.0163
684,2,Облачно (2),1.0927,1195.109
685,1,Ясно (1),2.5009,1197.6099
686,2,Облачно (2),0.1098,1197.7197
687,3,Пасмурно (3),0.0972,1197.8169
688,2,Облачно (2),3.5435,1201.3604
689,3,Пасмурно (3),2.2163,1203.5767
690,2,Облачно (2),0.8755,1204.4521
691,3,Пасмурно (3),1.7128,1206.165
692,2,Облачно (2),3.2135,1209.3785
693,3,Пасмурно (3),0.5434,1209.9219
694,1,Ясно (1),0.2459,1210.1678
695,2,Облачно (2),0.8726,1211.0404
696,1,Ясно (1),3.8179,1214.8584
697,2,Облачно (2),0.3084,1215.1668
698,1,Ясно (1),1.4336,1216.6004
699,3,Пасмурно (3),0.3691,1216.9695
700,1,Ясно (1),1.4479,1218.4174
701,3,Пасмурно (3),2.0048,1220.4222
702,2,Облачно (2),4.9201,1225.3423
703,3,Пасмурно (3),8.7879,1234.1302
704,2,Облачно (2),1.1513,1235.2815
705,3,Пасмурно (3),0.46,1235.7415
706,1,Ясно (1),1.8926,1237.6342
707,2,Облачно (2),0.0155,1237.6497
708,1,Ясно (1),3.7366,1241.3863
709,3,Пасмурно (3),7.0236,1248.4099
710,2,Облачно (2),0.1345,1248.5444
711,1,Ясно (1),1.8204,1250.3648
712,3,Пасмурно (3),1.897,1252.2617
713,2,Облачно (2),0.8549,1253.1167
714,3,Пасмурно (3),2.4147,1255.5313
715,2,Облачно (2),0.3162,1255.8475
716,3,Пасмурно (3),0.5663,1256.4139
717,2,Облачно (2),3.2671,1259.681
718,3,Пасмурно (3),3.8945,1263.5755
719,1,Ясно (1),1.362,1264.9375
720,3,Пасмурно (3),0.0122,1264.9497
721,2,Облачно (2),2.7971,1267.7468
722,1,Ясно (1),0.1496,1267.8964
723,2,Облачно (2),0.73,1268.6265
724,3,Пасмурно (3),7.9299,1276.5563
725,1,Ясно (1),0.5645,1277.1208
726,3,Пасмурно (3),4.9813,1282.1021
727,1,Ясно (1),0.8862,1282.9883
728,3,Пасмурно (3),1.641,1284.6293
729,2,Облачно (2),1.3518,1285.9811
730,3,Пасмурно (3),1.6826,1287.6637
731,2,Облачно (2),0.6522,1288.3159
732,3,Пасмурно (3),2.1475,1290.4634
733,1,Ясно (1),1.9285,1292.3919
734,2,Облачно (2),12.1212,1304.5131
735,3,Пасмурно (3),6.2034,1310.7164
736,2,Облачно (2),0.2072,1310.9237
737,1,Ясно (1),0.3589,1311.2826
738,2,Облачно (2),0.1974,1311.4801
739,3,Пасмурно (3),8.7763,1320.2564
740,2,Облачно (2),1.8124,1322.0688
741,3,Пасмурно (3),1.7547,1323.8234
742,1,Ясно (1),3.4609,1327.2844
743,2,Облачно (2),2.8705,1330.1548
744,1,Ясно (1),3.7913,1333.9461
745,3,Пасмурно (3),3.4387,1337.3848
746,2,Облачно (2),0.7957,1338.1805
747,1,Ясно (1),4.1656,1342.3461
748,2,Облачно (2),1.7214,1344.0675
749,3,Пасмурно (3),1.574,1345.6415
750,2,Облачно (2),1.5221,1347.1635
751,3,Пасмурно (3),0.2549,1347.4184
752,2,Облачно (2),1.2035,1348.6219
753,3,Пасмурно (3),0.5278,1349.1498
754,1,Ясно (1),0.4184,1349.5682
755,2,Облачно (2),0.5611,1350.1293
756,3,Пасмурно (3),0.6679,1350.7971
757,2,Облачно (2),2.0664,1352.8636
758,1,Ясно (1),0.1338,1352.9974
759,3,Пасмурно (3),0.7307,1353.728
760,1,Ясно (1),0.7731,1354.5012
761,2,Облачно (2),1.198,1355.6992
762,3,Пасмурно (3),6.8015,1362.5007
763,2,Облачно (2),0.15,1362.6507
764,3,Пасмурно (3),0.6695,1363.3202
765,2,Облачно (2),1.1268,1364.447
766,3,Пасмурно (3),7.1357,1371.5827
767,2,Облачно (2),0.9059,1372.4886
768,1,Ясно (1),0.2158,1372.7044
769,2,Облачно (2),0.0805,1372.7849
770,3,Пасмурно (3),4.7818,1377.5667
771,1,Ясно (1),0.546,1378.1127
772,2,Облачно (2),0.5406,1378.6533
773,1,Ясно (1),4.3733,1383.0266
774,2,Облачно (2),0.4405,1383.4672
775,3,Пасмурно (3),2.148,1385.6151
776,1,Ясно (1),1.1551,1386.7703
777,2,Облачно (2),1.7264,1388.4967
778,1,Ясно (1),1.0238,1389.5205
779,2,Облачно (2),0.9323,1390.4528
780,3,Пасмурно (3),4.0228,1394.4756
781,2,Облачно (2),1.4262,1395.9019
782,3,Пасмурно (3),0.4186,1396.3205
783,2,Облачно (2),0.2586,1396.5791
784,3,Пасмурно (3),0.8795,1397.4586
785,2,Облачно (2),1.2658,1398.7245
786,3,Пасмурно (3),0.7049,1399.4293
787,2,Облачно (2),0.1753,1399.6047
788,3,Пасмурно (3),1.3141,1400.9187
789,2,Облачно (2),0.119,1401.0377
790,3,Пасмурно (3),6.4664,1407.5041
791,1,Ясно (1),1.458,1408.9621
792,2,Облачно (2),2.1332,1411.0953
793,1,Ясно (1),0.1368,1411.2321
794,2,Облачно (2),0.6211,1411.8532
795,3,Пасмурно (3),1.5219,1413.3751
796,2,Облачно (2),1.0206,1414.3957
797,3,Пасмурно (3),3.6304,1418.0261
798,2,Облачно (2),0.0985,1418.1246
799,3,Пасмурно (3),1.1305,1419.2551
800,2,Облачно (2),1.7001,1420.9552
801,1,Ясно (1),2.2354,1423.1907
802,3,Пасмурно (3),0.7483,1423.9389
803,2,Облачно (2),3.3887,1427.3277
804,1,Ясно (1),0.8929,1428.2206
805,3,Пасмурно (3),8.2554,1436.4759
806,2,Облачно (2),1.5988,1438.0747
807,3,Пасмурно (3),1.4968,1439.5715
808,1,Ясно (1),1.8615,1441.433
809,3,Пасмурно (3),0.1065,1441.5395
810,2,Облачно (2),7.6922,1449.2317
811,3,Пасмурно (3),6.7298,1455.9616
812,2,Облачно (2),0.721,1456.6826
813,1,Ясно (1),1.5048,1458.1874
814,2,Облачно (2),0.5915,1458.7789
815,3,Пасмурно (3),2.255,1461.0339
816,2,Облачно (2),0.2016,1461.2356
817,3,Пасмурно (3),2.2628,1463.4984
818,2,Облачно (2),1.4143,1464.9126
819,1,Ясно (1),1.5254,1466.438
820,3,Пасмурно (3),1.6403,1468.0783
821,1,Ясно (1),2.5847,1470.663
822,2,Облачно (2),1.008,1471.671
823,3,Пасмурно (3),8.1051,1479.7761
824,2,Облачно (2),0.4414,1480.2175
825,1,Ясно (1),0.5327,1480.7503
826,2,Облачно (2),1.93,1482.6803
827,1,Ясно (1),2.1806,1484.8609
828,2,Облачно (2),0.8362,1485.6971
829,1,Ясно (1),4.4957,1490.1928
830,2,Облачно (2),0.357,1490.5498
831,1,Ясно (1),0.0069,1490.5567
832,3,Пасмурно (3),1.6388,1492.1955
833,1,Ясно (1),2.7144,1494.9099
834,2,Облачно (2),1.9699,1496.8797
835,1,Ясно (1),0.1042,1496.984
836,2,Облачно (2),0.2642,1497.2482
837,3,Пасмурно (3),0.5999,1497.8481
838,2,Облачно (2),3.0616,1500.9097
839,3,Пасмурно (3),3.4491,1504.3587
840,2,Облачно (2),0.3697,1504.7284
841,1,Ясно (1),7.7168,1512.4452
842,2,Облачно (2),0.4145,1512.8598
843,3,Пасмурно (3),0.7983,1513.658
844,2,Облачно (2),0.6046,1514.2626
845,3,Пасмурно (3),0.0459,1514.3086
846,2,Облачно (2),1.1142,1515.4227
847,3,Пасмурно (3),0.1253,1515.5481
848,2,Облачно (2),0.7793,1516.3273
849,1,Ясно (1),5.6437,1521.9711
850,2,Облачно (2),1.6795,1523.6505
851,1,Ясно (1),0.4509,1524.1014
852,2,Облачно (2),0.03,1524.1315
853,3,Пасмурно (3),0.9488,1525.0803
854,2,Облачно (2),4.8557,1529.936
855,1,Ясно (1),0.7915,1530.7275
856,2,Облачно (2),0.1312,1530.8587
857,1,Ясно (1),0.8422,1531.7009
858,2,Облачно (2),6.217,1537.9179
859,3,Пасмурно (3),0.8381,1538.756
860,2,Облачно (2),0.0041,1538.7601
861,1,Ясно (1),0.0513,1538.8114
862,3,Пасмурно (3),4.3792,1543.1907
863,1,Ясно (1),1.1126,1544.3032
864,2,Облачно (2),2.4083,1546.7116
865,3,Пасмурно (3),2.2658,1548.9774
866,2,Облачно (2),5.5786,1554.556
867,3,Пасмурно (3),10.5807,1565.1367
868,1,Ясно (1),0.1841,1565.3208
869,2,Облачно (2),2.18,1567.5008
870,1,Ясно (1),1.6509,1569.1517
871,3,Пасмурно (3),0.1086,1569.2602
872,2,Облачно (2),1.6782,1570.9385
873,1,Ясно (1),1.5486,1572.4871
874,3,Пасмурно (3),3.7308,1576.2179
875,2,Облачно (2),0.5748,1576.7927
876,3,Пасмурно (3),3.4996,1580.2924
877,2,Облачно (2),2.5498,1582.8421
878,1,Ясно (1),1.9515,1584.7936
879,2,Облачно (2),0.0619,1584.8555
880,3,Пасмурно (3),9.0463,1593.9019
881,1,Ясно (1),0.4,1594.3019
882,3,Пасмурно (3),1.2464,1595.5483
883,2,Облачно (2),0.8267,1596.375
884,3,Пасмурно (3),1.2389,1597.6139
885,2,Облачно (2),0.684,1598.2979
886,1,Ясно (1),0.6025,1598.9003
887,2,Облачно (2),1.8125,1600.7128
888,3,Пасмурно (3),0.2201,1600.9329
889,1,Ясно (1),0.8578,1601.7907
890,2,Облачно (2),1.8243,1603.6151
891,1,Ясно (1),2.2196,1605.8347
892,3,Пасмурно (3),2.7087,1608.5433
893,2,Облачно (2),0.8639,1609.4072
894,3,Пасмурно (3),1.6808,1611.088
895,2,Облачно (2),0.0771,1611.1651
896,3,Пасмурно (3),1.8976,1613.0626
897,2,Облачно (2),0.0944,1613.157
898,3,Пасмурно (3),0.5534,1613.7104
899,1,Ясно (1),1.2583,1614.9687
900,3,Пасмурно (3),1.2777,1616.2464
901,2,Облачно (2),1.8233,1618.0697
902,3,Пасмурно (3),1.0105,1619.0802
903,2,Облачно (2),0.0065,1619.0867
904,3,Пасмурно (3),0.0148,1619.1015
905,1,Ясно (1),0.8203,1619.9218
906,3,Пасмурно (3),0.5062,1620.428
907,2,Облачно (2),0.5698,1620.9978
908,1,Ясно (1),0.5419,1621.5397
909,2,Облачно (2),0.2384,1621.7781
910,3,Пасмурно (3),0.0409,1621.8191
911,2,Облачно (2),0.1832,1622.0023
912,1,Ясно (1),6.1166,1628.1189
913,2,Облачно (2),3.9728,1632.0918
914,1,Ясно (1),2.2545,1634.3463
915,2,Облачно (2),0.0453,1634.3916
916,3,Пасмурно (3),1.4313,1635.8229
917,2,Облачно (2),0.5046,1636.3275
918,1,Ясно (1),1.9033,1638.2308
919,2,Облачно (2),0.2062,1638.437
920,1,Ясно (1),0.5052,1638.9421
921,2,Облачно (2),2.231,1641.1731
922,1,Ясно (1),0.6273,1641.8005
923,2,Облачно (2),0.3413,1642.1418
924,3,Пасмурно (3),2.6476,1644.7893
925,2,Облачно (2),0.732,1645.5214
926,1,Ясно (1),1.1095,1646.6309
927,2,Облачно (2),0.4175,1647.0484
928,3,Пасмурно (3),3.562,1650.6104
929,2,Облачно (2),1.4082,1652.0185
930,3,Пасмурно (3),0.8978,1652.9164
931,2,Облачно (2),0.7153,1653.6317
932,1,Ясно (1),2.2246,1655.8563
933,3,Пасмурно (3),2.3439,1658.2002
934,2,Облачно (2),0.0028,1658.2029
935,3,Пасмурно (3),1.8051,1660.008
936,2,Облачно (2),3.6244,1663.6323
937,3,Пасмурно (3),6.4317,1670.0641
938,1,Ясно (1),3.1069,1673.171
939,3,Пасмурно (3),4.0857,1677.2566
940,2,Облачно (2),3.8131,1681.0697
941,3,Пасмурно (3),7.7788,1688.8485
942,2,Облачно (2),3.2933,1692.1418
943,1,Ясно (1),3.1269,1695.2687
944,3,Пасмурно (3),7.0693,1702.338
945,2,Облачно (2),2.7383,1705.0763
946,1,Ясно (1),0.749,1705.8254
947,2,Облачно (2),0.7276,1706.553
948,3,Пасмурно (3),6.1494,1712.7024
949,1,Ясно (1),1.908,1714.6104
950,2,Облачно (2),1.023,1715.6334
951,3,Пасмурно (3),1.5089,1717.1423
952,1,Ясно (1),0.7471,1717.8894
953,2,Облачно (2),1.0225,1718.9119
954,3,Пасмурно (3),1.1485,1720.0604
955,2,Облачно (2),1.0918,1721.1522
956,3,Пасмурно (3),0.4704,1721.6226
957,1,Ясно (1),1.0687,1722.6913
958,2,Облачно (2),0.3504,1723.0417
959,1,Ясно (1),0.1768,1723.2185
960,3,Пасмурно (3),2.0279,1725.2464
961,2,Облачно (2),0.431,1725.6774
962,1,Ясно (1),5.1035,1730.7809
963,2,Облачно (2),2.0846,1732.8655
964,1,Ясно (1),0.9966,1733.8622
965,3,Пасмурно (3),1.36,1735.2222
966,2,Облачно (2),1.1932,1736.4154
967,3,Пасмурно (3),0.0768,1736.4922
968,2,Облачно (2),0.4832,1736.9754
969,1,Ясно (1),0.5292,1737.5047
970,3,Пасмурно (3),0.4455,1737.9502
971,2,Облачно (2),0.1,1738.0502
972,1,Ясно (1),0.2705,1738.3207
973,2,Облачно (2),2.8302,1741.1509
974,3,Пасмурно (3),2.5513,1743.7022
975,1,Ясно (1),0.2779,1743.9801
976,2,Облачно (2),0.1294,1744.1095
977,3,Пасмурно (3),2.27,1746.3795
978,2,Облачно (2),0.2937,1746.6733
979,1,Ясно (1),0.3033,1746.9766
980,3,Пасмурно (3),1.5951,1748.5717
981,2,Облачно (2),3.2569,1751.8286
982,3,Пасмурно (3),6.6449,1758.4735
983,2,Облачно (2),0.807,1759.2804
984,3,Пасмурно (3),5.4833,1764.7638
985,1,Ясно (1),4.3933,1769.1571
986,3,Пасмурно (3),2.6872,1771.8443
987,1,Ясно (1),0.5739,1772.4182
988,3,Пасмурно (3),1.6702,1774.0883
989,2,Облачно (2),1.2048,1775.2931
990,1,Ясно (1),1.0717,1776.3649
991,3,Пасмурно (3),0.2967,1776.6615
992,2,Облачно (2),2.1833,1778.8449
993,1,Ясно (1),3.1364,1781.9812
994,2,Облачно (2),1.4191,1783.4003
995,3,Пасмурно (3),0.8109,1784.2111
996,2,Облачно (2),0.2403,1784.4515
997,3,Пасмурно (3),1.8427,1786.2942
998,2,Облачно (2),1.9993,1788.2935
999,3,Пасмурно (3),1.0724,1789.3659
1000,2,Облачно (2),0.7919,1790.1578
